{
  "train_loss": [
    2.301968552156298,
    2.3012881690759395,
    2.3012643089172427
  ],
  "train_accuracy": [
    0.10728167199980476,
    0.11237895345764119,
    0.11236784826400184
  ],
  "test_loss": [
    2.3011321448072604,
    2.3010863080809387,
    2.3010658674602267
  ],
  "test_accuracy": [
    0.11362737341772151,
    0.11362737341772151,
    0.11362737341772151
  ],
  "growth_events": [],
  "connectivity_ratio": [
    0.00010223555070883315,
    0.00010223555070883315,
    0.00010223555070883315
  ],
  "phase_transitions": [],
  "last_phase": "coarse"
}